{"0": {"precision": 0.8260869565217391, "recall": 0.7307692307692307, "f1-score": 0.7755102040816326, "support": 234.0}, "1": {"precision": 0.8489208633093526, "recall": 0.9076923076923077, "f1-score": 0.8773234200743496, "support": 390.0}, "accuracy": 0.8413461538461539, "macro avg": {"precision": 0.8375039099155459, "recall": 0.8192307692307692, "f1-score": 0.8264168120779911, "support": 624.0}, "weighted avg": {"precision": 0.8403581482639976, "recall": 0.8413461538461539, "f1-score": 0.8391434640770807, "support": 624.0}}